{"cameraMode":{"drawMode":0,"name":"Shaded","section":"Shading Mode"},"sceneLighting":false,"audioPlay":false,"sceneViewState":{"showFog":true,"showMaterialUpdate":false,"showSkybox":false,"showFlares":true,"showImageEffects":true,"showParticleSystems":true},"in2DMode":false,"pivot":{"x":0.2719999849796295,"y":-0.17499998211860658,"z":0.8360000252723694},"rotation":{"x":-0.03252463787794113,"y":0.9400439262390137,"z":-0.09366234391927719,"w":-0.3264041543006897},"size":0.22282278537750245,"orthographic":false}